CodDepto;NoMDepto;CodMunicipio;NomMunicipio;superficie;Urbana;Rural
5; Antioquia ;5002;"Abejorral 	";497;9048;12198
5; Antioquia ;5004;"Abriaqu° 	";290;1003;1861
5; Antioquia ;5021;"Alejandr°a 	";151;2889;2031
5; Antioquia ;5030;"Amag† 	";85;16957;15805
5; Antioquia ;5031;"Amalfi 	";1224;17051;11306
5; Antioquia ;5034;"Andes 	";449;23875;22414
5; Antioquia ;5036;"Angel¢polis 	";87;2658;3459
5; Antioquia ;5038;"Angostura 	";392;3331;8750
5; Antioquia ;5040;"Anor° 	";1447;9398;10613
5; Antioquia ;5044;"Anz† 	";256;1753;5755
5; Antioquia ;5045;"Apartad¢ 	";607;113638;20173
5; Antioquia ;5051;"Arboletes 	";718;12183;19770
5; Antioquia ;5055;"Argelia 	";257;3961;3941
5; Antioquia ;5059;"Armenia 	";111;2063;3251
5; Antioquia ;5079;"Barbosa 	";208;26942;29986
5; Antioquia ;5088;"Bello 	";142;562880;15496
5; Antioquia ;5086;"Belmira 	";279;2042;4363
5; Antioquia ;5091;"Betania 	";170;4278;6492
5; Antioquia ;5093;"Betulia 	";255;5439;11209
5; Antioquia ;5107;"Brice§o 	";406;3226;5278
5; Antioquia ;5113;"Buritic† 	";368;2930;7159
5; Antioquia ;5120;"C†ceres 	";1996;7556;24242
5; Antioquia ;5125;"Caicedo 	";221;2263;6677
5; Antioquia ;5129;"Caldas 	";133;71597;15788
5; Antioquia ;5134;"Campamento 	";200;3183;6497
5; Antioquia ;5138;"Ca§asgordas 	";391;6158;10129
5; Antioquia ;5142;"Caracol° 	";260;3033;1713
5; Antioquia ;5145;"Caramanta 	";86;2460;2408
5; Antioquia ;5147;"Carepa 	";380;39778;13794
5; Antioquia ;5148;"Carmen de Viboral 	";448;3228;932
5; Antioquia ;5150;"Carolina del Pr°ncipe 	";200;89344;10615
5; Antioquia ;5154;"Caucasia 	";1411;53559;9119
5; Antioquia ;5172;"Chigorod¢ 	";608;9242;1164
5; Antioquia ;5190;"Cisneros 	";46;17674;9883
5; Antioquia ;5101;"Ciudad Bol°var 	";285;7514;8020
5; Antioquia ;5197;"Cocorn† 	";210;2303;2680
5; Antioquia ;5206;"Concepci¢n 	";167;8890;13823
5; Antioquia ;5209;"Concordia 	";231;71085;14621
5; Antioquia ;5212;"Copacabana 	";70;10696;13925
5; Antioquia ;5234;"Dabeiba 	";1883;14022;6623
5; Antioquia ;5237;"Donmat°as 	";181;3035;9673
5; Antioquia ;5240;"EbÇjico 	";235;37810;18582
5; Antioquia ;5250;"El Bagre 	";1563;40535;25018
5; Antioquia ;5541;"El Pe§ol 	";143;13029;9769
5; Antioquia ;5607;"El Retiro 	";273;28404;9932
5; Antioquia ;5697;"El Santuario 	";75;6784;5501
5; Antioquia ;5264;"Entrerr°os 	";219;245763;7936
5; Antioquia ;5266;"Envigado 	";78;9687;16237
5; Antioquia ;5282;"Fredonia 	";247;10177;11502
5; Antioquia ;5284;"Frontino 	";1236;2539;3483
5; Antioquia ;5306;"Giraldo 	";96;33883;23141
5; Antioquia ;5308;"Girardota 	";78;5862;4528
5; Antioquia ;5310;"G¢mez Plata 	";360;5929;4297
5; Antioquia ;5313;"Granada 	";183;2739;4241
5; Antioquia ;5315;"Guadalupe 	";87;23063;37858
5; Antioquia ;5318;"Guarne 	";151;6236;2885
5; Antioquia ;5321;"GuatapÇ 	";69;2714;2936
5; Antioquia ;5347;"Heliconia 	";117;3928;1927
5; Antioquia ;5360;"Hispania 	";58;279658;24108
5; Antioquia ;5361;"ItagÅ° 	";17;9067;20036
5; Antioquia ;5353;"Ituango 	";2345;8852;6679
5; Antioquia ;5364;"Jard°n 	";224;8670;5684
5; Antioquia ;5368;"Jeric¢ 	";193;63002;8568
5; Antioquia ;5376;"La Ceja 	";131;69314;9789
5; Antioquia ;5380;"La Estrella 	";35;8025;837
5; Antioquia ;5390;"La Pintada 	";55;15059;8396
5; Antioquia ;5400;"La Uni¢n 	";198;2937;7630
5; Antioquia ;5411;"Liborina 	";217;3674;4964
5; Antioquia ;5425;"Maceo 	";431;51770;19347
5; Antioquia ;5001;Medellin;115;2611104;42625
5; Antioquia ;5440;"Marinilla 	";380;2365;4590
5; Antioquia ;5467;"Montebello 	";86;2158;3325
5; Antioquia ;5475;"Murind¢ 	";1349;6333;8736
5; Antioquia ;5480;"Mutat† 	";1106;3764;6653
5; Antioquia ;5483;"Nari§o 	";313;15875;12778
5; Antioquia ;5495;"Nech° 	";914;14423;31790
5; Antioquia ;5490;"Necocl° 	";1361;3323;2
5; Antioquia ;5501;"Olaya 	";90;2974;5703
5; Antioquia ;5543;"Peque 	";392;5137;4011
5; Antioquia ;5576;"Pueblorrico 	";86;37046;5592
5; Antioquia ;5579;"Puerto Berr°o 	";1184;5557;9566
5; Antioquia ;5585;"Puerto Nare 	";660;4276;15595
5; Antioquia ;5591;"Puerto Triunfo 	";361;14315;16721
5; Antioquia ;5604;"Remedios 	";1985;14906;11027
5; Antioquia ;5615;"Rionegro 	";196;97810;51976
5; Antioquia ;5628;"Sabanalarga 	";256;3706;6011
5; Antioquia ;5631;"Sabaneta 	";15;81757;10402
5; Antioquia ;5642;"Salgar 	";418;8101;11023
5; Antioquia ;5647;"San AndrÇs de Cuerquia 	";177;3447;4178
5; Antioquia ;5649;"San Carlos 	";702;8153;8406
5; Antioquia ;5652;"San Francisco 	";372;3000;3169
5; Antioquia ;5656;"San Jer¢nimo 	";155;8110;8668
5; Antioquia ;5658;"San JosÇ de la Monta§a 	";127;2638;1305
5; Antioquia ;5659;"San Juan de Urab† 	";239;8317;13628
5; Antioquia ;5660;"San Luis 	";453;8621;5122
5; Antioquia ;5664;"San Pedro de los Milagros 	";229;14228;9744
5; Antioquia ;5665;"San Pedro de Urab† 	";479;15617;18050
5; Antioquia ;5667;"San Rafael 	";362;8884;7520
5; Antioquia ;5670;"San Roque 	";441;8142;14476
5; Antioquia ;5674;"San Vicente 	";243;7272;16259
5; Antioquia ;5679;"Santa B†rbara 	";185;14297;14174
5; Antioquia ;5042;"Santa Fe de Antioquia 	";499;23635;16032
5; Antioquia ;5686;"Santa Rosa de Osos 	";805;18995;9284
5; Antioquia ;5690;"Santo Domingo 	";271;3550;9357
5; Antioquia ;5736;"Segovia 	";1231;34360;6881
5; Antioquia ;5756;"Sons¢n 	";1323;19791;18566
5; Antioquia ;5761;"Sopetr†n 	";223;7759;8486
5; Antioquia ;5789;"T†mesis 	";245;8465;8502
5; Antioquia ;5790;"Taraz† 	";1560;15140;14179
5; Antioquia ;5792;"Tarso 	";119;3835;2691
5; Antioquia ;5809;"Titirib° 	";142;5528;5698
5; Antioquia ;5819;"Toledo 	";139;2064;3217
5; Antioquia ;5837;"Turbo 	";2759;59761;76613
5; Antioquia ;5842;"Uramita 	";236;2596;4629
5; Antioquia ;5847;"Urrao 	";2556;18579;13757
5; Antioquia ;5854;"Valdivia 	";545;4724;10045
5; Antioquia ;5856;"Valpara°so 	";130;4129;2649
5; Antioquia ;5858;"Vegach° 	";512;9191;3417
5; Antioquia ;5861;"Venecia 	";141;5998;6271
5; Antioquia ;5873;"Vig°a del Fuerte 	";1780;3827;6042
5; Antioquia ;5885;"Yal° 	";447;4143;3901
5; Antioquia ;5887;"Yarumal 	";724;33019;11677
5; Antioquia ;5890;"Yolomb¢ 	";941;8457;16160
5; Antioquia ;5893;"Yond¢ 	";1881;11664;9401
5; Antioquia ;5895;"Zaragoza 	";1064;13431;13493
8; Atl†ntico ;8078;"Baranoa 	";127;58186;11665
8; Atl†ntico ;8001;"Barranquilla 	";166;1326588;621
8; Atl†ntico ;8137;"Campo de La Cruz 	";33;21200;3346
8; Atl†ntico ;8141;"Candelaria 	";143;12908;5005
8; Atl†ntico ;8296;"Galapa 	";98;64823;4997
8; Atl†ntico ;8372;"Juan de Acosta 	";127;14974;8728
8; Atl†ntico ;8421;"Luruaco 	";246;16183;15397
8; Atl†ntico ;8433;"Malambo 	";108;135703;9693
8; Atl†ntico ;8436;"Manat° 	";206;19638;2700
8; Atl†ntico ;8520;"Palmar de Varela 	";94;31041;1287
8; Atl†ntico ;8549;"Pioj¢ 	";258;3204;4180
8; Atl†ntico ;8558;"Polonuevo 	";72;16971;3390
8; Atl†ntico ;8560;"Ponedera 	";204;15447;11356
8; Atl†ntico ;8573;"Puerto Colombia 	";93;49008;6882
8; Atl†ntico ;8606;"Repel¢n 	";330;19794;9476
8; Atl†ntico ;8634;"Sabanagrande 	";43;34857;1692
8; Atl†ntico ;8638;"Sabanalarga 	";399;78172;26035
8; Atl†ntico ;8675;"Santa Luc°a 	";84;15281;2534
8; Atl†ntico ;8685;"Santo Tom†s 	";66;31492;1838
8; Atl†ntico ;8758;"Soledad 	";67;691895;904
8; Atl†ntico ;8770;"Su†n 	";55;12252;843
8; Atl†ntico ;8832;"Tubar† 	";176;9961;9672
8; Atl†ntico ;8849;"Usiacur° 	";103;12772;918
11; Distrito Capital ;11001;"Bogot† 	";1587;7936532;31563
13; Bol°var ;13006;"Ach° 	";871;5349;20437
13; Bol°var ;13030;"Altos del Rosario 	";248;4079;7921
13; Bol°var ;13042;"Arenal 	";534;4771;3282
13; Bol°var ;13052;"Arjona 	";566;59233;17137
13; Bol°var ;13062;"Arroyohondo 	";162;4981;4041
13; Bol°var ;13074;"Barranco de Loba 	";416;5887;9834
13; Bol°var ;13140;"Calamar 	";256;13360;10559
13; Bol°var ;13160;"Cantagallo 	";669;4844;4163
13; Bol°var ;13001;"Cartagena de Indias 	";709;943502;122068
13; Bol°var ;13188;"Cicuco 	";103;9404;5410
13; Bol°var ;13222;"Clemencia 	";95;13281;2725
13; Bol°var ;13212;"C¢rdoba 	";450;3825;13235
13; Bol°var ;13244;"El Carmen de Bol°var 	";954;54013;21166
13; Bol°var ;13248;"El Guamo 	";390;4876;4428
13; Bol°var ;13268;"El Pe§¢n 	";252;2959;5405
13; Bol°var ;13300;"Hatillo de Loba 	";150;3125;10353
13; Bol°var ;13430;"MaganguÇ 	";1568;98356;46789
13; Bol°var ;13433;"Mahates 	";479;10425;19981
13; Bol°var ;13440;"Margarita 	";295;1640;9865
13; Bol°var ;13442;"Mar°a La Baja 	";547;21211;28971
13; Bol°var ;13458;"Montecristo 	";2079;3955;14279
13; Bol°var ;13473;"Morales 	";1765;7388;16791
13; Bol°var ;13490;"Noros° 	";412;2309;8000
13; Bol°var ;13549;"Pinillos 	";753;3338;22247
13; Bol°var ;13580;"Regidor 	";396;4618;2868
13; Bol°var ;13600;"R°o Viejo 	";1414;5315;5803
13; Bol°var ;13620;"San Crist¢bal 	";56;6744;2132
13; Bol°var ;13647;"San Estanislao 	";208;13034;6775
13; Bol°var ;13650;"San Fernando 	";388;1967;11522
13; Bol°var ;13654;"San Jacinto 	";434;21765;3661
13; Bol°var ;13655;"San Jacinto del Cauca 	";549;2569;8455
13; Bol°var ;13657;"San Juan Nepomuceno 	";675;29195;10705
13; Bol°var ;13667;"San Mart°n de Loba 	";442;7336;8091
13; Bol°var ;13670;"San Pablo 	";1967;23700;6070
13; Bol°var ;13673;"Santa Catalina 	";153;5796;9684
13; Bol°var ;13468;"Santa Cruz de Mompox 	";645;23735;24325
13; Bol°var ;13683;"Santa Rosa de Lima 	";151;20922;2289
13; Bol°var ;13688;"Santa Rosa del Sur 	";2200;21297;14509
13; Bol°var ;13744;"Simit° 	";1445;6149;13679
13; Bol°var ;13760;"Soplaviento 	";91;11007;218
13; Bol°var ;13780;"Talaigua Nuevo 	";261;6341;7309
13; Bol°var ;13810;"Tiquisio 	";758;6364;13351
13; Bol°var ;13836;"Turbaco 	";204;107147;10354
13; Bol°var ;13838;"Turban† 	";148;13310;4725
13; Bol°var ;13873;"Villanueva 	";135;22416;3718
13; Bol°var ;13894;"Zambrano 	";287;11021;1740
15; Boyac† ;15022;"Almeida 	";57;1793;50
15; Boyac† ;15047;"Aquitania 	";828;6478;9374
15; Boyac† ;15051;"Arcabuco 	";155;2651;3446
15; Boyac† ;15087;"BelÇn 	";284;4825;2855
15; Boyac† ;15090;"Berbeo 	";61;1579;34
15; Boyac† ;15092;"BetÇitiva 	";123;1904;69
15; Boyac† ;15097;"Boavita 	";159;2423;2469
15; Boyac† ;15104;"Boyac† 	";48;5162;57
15; Boyac† ;15106;"Brice§o 	";64;2168;38
15; Boyac† ;15109;"Buenavista 	";111;4436;47
15; Boyac† ;15114;"Busbanz† 	";22;-610;686
15; Boyac† ;15131;"Caldas 	";111;3169;19
15; Boyac† ;15135;"Campohermoso 	";302;3094;27
15; Boyac† ;15162;"Cerinza 	";61;1796;1983
15; Boyac† ;15172;"Chinavita 	";148;1336;1921
15; Boyac† ;15176;"Chiquinquir† 	";133;52273;6816
15; Boyac† ;15232;"Ch°quiza 	";71;4809;28
15; Boyac† ;15180;"Chiscas 	";655;3898;66
15; Boyac† ;15183;"Chita 	";748;2240;5707
15; Boyac† ;15185;"Chitaraque 	";157;1397;4584
15; Boyac† ;15187;"Chivat† 	";49;2882;8
15; Boyac† ;15236;"Chivor 	";103;2564;12
15; Boyac† ;15189;"CiÇnega 	";73;1406;3341
15; Boyac† ;15204;"C¢mbita 	";149;1813;11731
15; Boyac† ;15212;"Coper 	";202;1011;2630
15; Boyac† ;15215;"Corrales 	";60;1651;944
15; Boyac† ;15218;"Covarach°a 	";103;2685;70
15; Boyac† ;15223;"Cubar† 	";1650;2644;8320
15; Boyac† ;15224;"Cucaita 	";43;1637;2225
15; Boyac† ;15226;"Cu°tiva 	";43;1824;22
15; Boyac† ;15238;"Duitama 	";186;115060;14132
15; Boyac† ;15244;"El Cocuy 	";253;2316;1880
15; Boyac† ;15248;"El Espino 	";70;1457;1657
15; Boyac† ;15272;"Firavitoba 	";109;2726;4205
15; Boyac† ;15276;"Floresta 	";85;1291;2004
15; Boyac† ;15293;"Gachantiv† 	";66;2770;63
15; Boyac† ;15296;"G†meza 	";88;1480;3467
15; Boyac† ;15299;"Garagoa 	";191;13312;5375
15; Boyac† ;15317;"Guacamayas 	";59;1783;87
15; Boyac† ;15322;"Guateque 	";36;8032;3087
15; Boyac† ;15325;"Guayat† 	";103;1241;2217
15; Boyac† ;15332;"GÅic†n 	";917;1483;2903
15; Boyac† ;15362;"Iza 	";54;1259;776
15; Boyac† ;15367;"Jenesano 	";59;2010;5473
15; Boyac† ;15368;"Jeric¢ 	";179;1369;2597
15; Boyac† ;15380;"La Capilla 	";57;1120;1624
15; Boyac† ;15403;"La Uvita 	";176;1313;1471
15; Boyac† ;15401;"La Victoria 	";110;-651;690
15; Boyac† ;15377;"Labranzagrande 	";625;1284;2278
15; Boyac† ;15425;"Macanal 	";199;1348;3824
15; Boyac† ;15442;"Marip° 	";160;5781;14
15; Boyac† ;15455;"Miraflores 	";258;5727;3466
15; Boyac† ;15464;"Mongua 	";365;2131;2579
15; Boyac† ;15466;"Mongu° 	";69;2409;1968
15; Boyac† ;15469;"Moniquir† 	";220;12637;10853
15; Boyac† ;15476;"Motavita 	";61;5798;19
15; Boyac† ;15480;"Muzo 	";136;5769;2790
15; Boyac† ;15491;"Nobsa 	";53;5781;10992
15; Boyac† ;15494;"Nuevo Col¢n 	";51;1210;4110
15; Boyac† ;15500;"Oicat† 	";59;2921;27
15; Boyac† ;15507;"Otanche 	";512;3818;4344
15; Boyac† ;15511;"Pachavita 	";68;2409;80
15; Boyac† ;15514;"P†ez 	";443;1492;1816
15; Boyac† ;15516;"Paipa 	";305;22125;13245
15; Boyac† ;15518;"Pajarito 	";322;1067;1395
15; Boyac† ;15522;"Panqueba 	";42;-815;845
15; Boyac† ;15531;"Pauna 	";259;2372;4982
15; Boyac† ;15533;"Paya 	";435;2623;64
15; Boyac† ;15537;"Paz de R°o 	";116;2856;1425
15; Boyac† ;15542;"Pesca 	";282;2456;4407
15; Boyac† ;15550;"Pisba 	";469;1818;10
15; Boyac† ;15572;"Puerto Boyac† 	";1472;35695;13537
15; Boyac† ;15580;"Qu°pama 	";182;1535;3545
15; Boyac† ;15599;"Ramiriqu° 	";139;4502;5773
15; Boyac† ;15600;"R†quira 	";231;2769;5417
15; Boyac† ;15621;"Rond¢n 	";251;2399;21
15; Boyac† ;15632;"Saboy† 	";246;1494;12628
15; Boyac† ;15638;"S†chica 	";62;2875;2915
15; Boyac† ;15646;"Samac† 	";160;8041;11152
15; Boyac† ;15660;"San Eduardo 	";106;-790;883
15; Boyac† ;15664;"San JosÇ de Pare 	";73;1188;3910
15; Boyac† ;15667;"San Luis de Gaceno 	";458;2607;2974
15; Boyac† ;15673;"San Mateo 	";131;1256;1937
15; Boyac† ;15676;"San Miguel de Sema 	";90;3024;46
15; Boyac† ;15681;"San Pablo de Borbur 	";193;6798;50
15; Boyac† ;15690;"Santa Mar°a 	";326;2160;1407
15; Boyac† ;15693;"Santa Rosa de Viterbo 	";107;8452;5136
15; Boyac† ;15696;"Santa Sof°a 	";78;1148;2127
15; Boyac† ;15686;"Santana 	";67;2856;5006
15; Boyac† ;15720;"Sativanorte 	";184;2148;47
15; Boyac† ;15723;"Sativasur 	";81;-755;782
15; Boyac† ;15740;"Siachoque 	";125;1358;5550
15; Boyac† ;15753;"Soat† 	";136;6594;2412
15; Boyac† ;15757;"Socha 	";264;4575;3670
15; Boyac† ;15755;"Socot† 	";600;1711;5642
15; Boyac† ;15759;"Sogamoso 	";208;118884;14832
15; Boyac† ;15761;"Somondoco 	";58;2855;82
15; Boyac† ;15762;"Sora 	";47;3106;32
15; Boyac† ;15764;"Sorac† 	";57;1751;4437
15; Boyac† ;15763;"Sotaquir† 	";288;1201;7268
15; Boyac† ;15774;"Susac¢n 	";193;2702;55
15; Boyac† ;15776;"Sutamarch†n 	";102;2420;3932
15; Boyac† ;15778;"Sutatenza 	";41;4289;16
15; Boyac† ;15790;"Tasco 	";167;1822;4084
15; Boyac† ;15798;"Tenza 	";51;1266;2630
15; Boyac† ;15804;"Tiban† 	";121;2066;7233
15; Boyac† ;15806;"Tibasosa 	";94;4827;8836
15; Boyac† ;15808;"Tinjac† 	";79;3386;32
15; Boyac† ;15810;"Tipacoque 	";72;1048;2307
15; Boyac† ;15814;"Toca 	";165;4627;4441
15; Boyac† ;15816;"TogÅ° 	";118;4369;51
15; Boyac† ;15820;"T¢paga 	";37;1206;2565
15; Boyac† ;15822;"Tota 	";314;1061;4275
15; Boyac† ;15001;"Tunja 	";118;175150;7678
15; Boyac† ;15832;"Tunungua 	";73;1522;85
15; Boyac† ;15835;"TurmequÇ 	";106;2299;3978
15; Boyac† ;15837;"Tuta 	";165;2722;5907
15; Boyac† ;15839;"Tutaz† 	";135;2043;36
15; Boyac† ;15842;"Èmbita 	";158;1312;6389
15; Boyac† ;15861;"Ventaquemada 	";159;3015;13398
15; Boyac† ;15407;"Villa de Leyva 	";128;8839;8472
15; Boyac† ;15879;"Viracach† 	";64;2817;47
15; Boyac† ;15897;"Zetaquira 	";226;1355;3361
17; Caldas ;17013;"Aguadas 	";482;12783;10895
17; Caldas ;17042;"Anserma 	";206;22370;15323
17; Caldas ;17050;"Aranzazu 	";151;7395;3449
17; Caldas ;17088;"Belalc†zar 	";114;5183;5758
17; Caldas ;17174;"Chinchin† 	";112;47837;5858
17; Caldas ;17272;"Filadelfia 	";191;4481;7230
17; Caldas ;17380;"La Dorada 	";500;67067;8976
17; Caldas ;17388;"La Merced 	";364;2473;3570
17; Caldas ;17001;"Manizales 	";571;434006;24436
17; Caldas ;17433;"Manzanares 	";244;11190;7090
17; Caldas ;17442;"Marmato 	";41;1506;7913
17; Caldas ;17444;"Marquetalia 	";163;7220;6639
17; Caldas ;17446;"Marulanda 	";417;2520;94
17; Caldas ;17486;"Neira 	";350;12866;8825
17; Caldas ;17495;"Norcasia 	";223;4381;1914
17; Caldas ;17513;"P†cora 	";265;8225;7518
17; Caldas ;17524;"Palestina 	";116;5894;10215
17; Caldas ;17541;"Pensilvania 	";513;8882;11413
17; Caldas ;17614;"Riosucio 	";429;21128;32258
17; Caldas ;17616;"Risaralda 	";108;4853;6004
17; Caldas ;17653;"Salamina 	";403;12323;7600
17; Caldas ;17662;"Saman† 	";809;7128;13385
17; Caldas ;17665;"San JosÇ 	";53;1574;3476
17; Caldas ;17777;"Sup°a 	";122;15294;14877
17; Caldas ;17867;"Victoria 	";507;4917;5717
17; Caldas ;17873;"Villamar°a 	";461;61498;7787
17; Caldas ;17877;"Viterbo 	";110;11324;1880
18; Caquet† ;18029;"Albania 	";417;2233;2305
18; Caquet† ;18094;"BelÇn de los Andaquies 	";1180;7286;4256
18; Caquet† ;18150;"Cartagena del Chair† 	";12860;17157;15007
18; Caquet† ;18205;"Curillo 	";459;5658;2367
18; Caquet† ;18247;"El Doncello 	";1250;14022;5885
18; Caquet† ;18256;"El Paujil 	";1338;9636;9429
18; Caquet† ;18001;"Florencia 	";2292;157923;20717
18; Caquet† ;18410;"La Monta§ita 	";1484;2945;12222
18; Caquet† ;18460;"Morelia 	";465;2151;1717
18; Caquet† ;18479;"Puerto Mil†n 	";1243;1230;9046
18; Caquet† ;18592;"Puerto Rico 	";2790;15445;11686
18; Caquet† ;18610;"San JosÇ del Fragua 	";598;7045;6480
18; Caquet† ;18753;"San Vicente del Cagu†n 	";21923;26326;27978
18; Caquet† ;18756;"Solano 	";41635;3124;8753
18; Caquet† ;18785;"Solita 	";611;3991;2560
18; Caquet† ;18860;"Valpara°so 	";1218;2506;4771
19; Cauca ;19022;"Almaguer 	";320;1058;17557
19; Cauca ;19050;"Argelia 	";655;2410;24818
19; Cauca ;19075;"Balboa 	";402;5308;16645
19; Cauca ;19100;"Bol°var 	";755;4507;33378
19; Cauca ;19110;"Buenos Aires 	";410;32491;336
19; Cauca ;19130;"Cajib°o 	";747;1655;42218
19; Cauca ;19137;"Caldono 	";379;1634;41150
19; Cauca ;19142;"Caloto 	";397;5066;25878
19; Cauca ;19212;"Corinto 	";302;12634;13419
19; Cauca ;19256;"El Tambo 	";3280;2316;52748
19; Cauca ;19290;"Florencia 	";56;1197;4235
19; Cauca ;19300;"GuachenÇ 	";392;6542;13960
19; Cauca ;19318;"Guap° 	";2681;14104;14259
19; Cauca ;19355;"Inz† 	";1258;29917;239
19; Cauca ;19364;"Jambal¢ 	";254;1727;17292
19; Cauca ;19392;"La Sierra 	";217;1686;9226
19; Cauca ;19397;"La Vega 	";494;24978;257
19; Cauca ;19418;"L¢pez de Micay 	";3241;1672;17720
19; Cauca ;19450;"Mercaderes 	";827;5856;17797
19; Cauca ;19455;"Miranda 	";189;18501;14360
19; Cauca ;19473;"Morales 	";265;1961;39096
19; Cauca ;19513;"Padilla 	";100;4491;5742
19; Cauca ;19517;"P†ez 	";1852;2212;45665
19; Cauca ;19532;"Pat°a 	";723;13580;24817
19; Cauca ;19533;"Piamonte 	";1148;2129;7355
19; Cauca ;19548;"Piendam¢ 	";197;14263;28590
19; Cauca ;19001;"Popay†n 	";483;273004;60378
19; Cauca ;19573;"Puerto Tejada 	";368;36591;6208
19; Cauca ;19585;"PuracÇ 	";707;1503;16489
19; Cauca ;19622;"Rosas 	";130;11657;160
19; Cauca ;19693;"San Sebasti†n 	";436;11226;102
19; Cauca ;19701;"Santa Rosa 	";3198;5419;94
19; Cauca ;19698;"Santander de Quilichao 	";518;53049;62696
19; Cauca ;19743;"Silvia 	";662;3980;35007
19; Cauca ;19760;"Sotar† 	";517;14376;179
19; Cauca ;19780;"Su†rez 	";389;6000;27316
19; Cauca ;19785;"Sucre 	";56;1564;8340
19; Cauca ;19807;"Timb°o 	";205;14633;22535
19; Cauca ;19809;"Timbiqu° 	";1813;6136;21117
19; Cauca ;19821;"Torib°o 	";412;1989;35596
19; Cauca ;19824;"Totor¢ 	";421;1009;25225
19; Cauca ;19845;"Villa Rica 	";74;14736;7110
20; Cesar ;20011;"Aguachica 	";976;108171;16382
20; Cesar ;20013;"Agust°n Codazzi 	";1733;52992;14887
20; Cesar ;20032;"Astrea 	";563;11691;10414
20; Cesar ;20045;"Becerril 	";1144;18177;6285
20; Cesar ;20060;"Bosconia 	";609;42549;2932
20; Cesar ;20175;"Chimichagua 	";1569;15010;23013
20; Cesar ;20178;"Chiriguan† 	";1131;18369;12731
20; Cesar ;20228;"Curuman° 	";931;29210;12422
20; Cesar ;20238;"El Copey 	";968;24857;8360
20; Cesar ;20250;"El Paso 	";823;7422;35468
20; Cesar ;20295;"Gamarra 	";320;10843;5807
20; Cesar ;20310;"Gonz†lez 	";75;1421;3373
20; Cesar ;20383;"La Gloria 	";736;6692;12670
20; Cesar ;20400;"La Jagua de Ibirico 	";728;41043;12437
20; Cesar ;20621;"La Paz 	";1081;21839;9230
20; Cesar ;20443;"Manaure Balc¢n del Cesar 	";126;9416;1956
20; Cesar ;20517;"Pailitas 	";512;15409;5272
20; Cesar ;20550;"Pelaya 	";371;16137;7258
20; Cesar ;20570;"Pueblo Bello 	";686;9661;21240
20; Cesar ;20614;"R°o de Oro 	";613;8629;10045
20; Cesar ;20710;"San Alberto 	";676;23793;6075
20; Cesar ;20750;"San Diego 	";670;11614;9870
20; Cesar ;20770;"San Mart°n 	";789;16365;13829
20; Cesar ;20787;"Tamalameque 	";511;6741;10250
20; Cesar ;20001;"Valledupar 	";4493;490733;68729
23; C¢rdoba ;23068;"Ayapel 	";2098;28033;20222
23; C¢rdoba ;23079;"Buenavista 	";847;7857;14052
23; C¢rdoba ;23090;"Canalete 	";394;3832;11934
23; C¢rdoba ;23162;"CeretÇ 	";266;60795;49928
23; C¢rdoba ;23168;"Chim† 	";335;3648;14639
23; C¢rdoba ;23182;"Chin£ 	";624;19014;29719
23; C¢rdoba ;23189;"CiÇnaga de Oro 	";551;22271;39541
23; C¢rdoba ;23300;"Cotorra 	";89;6092;13878
23; C¢rdoba ;23350;"La Apartada 	";240;11752;3791
23; C¢rdoba ;23417;"Los C¢rdobas 	";430;3728;16002
23; C¢rdoba ;23419;"Momil 	";152;11973;8577
23; C¢rdoba ;23464;"Montel°bano 	";1820;64733;23002
23; C¢rdoba ;23466;"Monter°a 	";3141;402069;114148
23; C¢rdoba ;23001;"Mo§itos 	";180;6246;24997
23; C¢rdoba ;23500;"Planeta Rica 	";1148;41801;24357
23; C¢rdoba ;23555;"Pueblo Nuevo 	";715;10176;27088
23; C¢rdoba ;23570;"Puerto Escondido 	";432;4081;20808
23; C¢rdoba ;23574;"Puerto Libertador 	";2062;13399;31113
23; C¢rdoba ;23580;"Pur°sima de la Concepci¢n 	";132;7169;10793
23; C¢rdoba ;23586;"Sahag£n 	";992;54283;58302
23; C¢rdoba ;23660;"San AndrÇs de Sotavento 	";336;9679;39388
23; C¢rdoba ;23670;"San Antero 	";191;16158;19632
23; C¢rdoba ;23672;"San Bernardo del Viento 	";321;8857;29009
23; C¢rdoba ;23675;"San Carlos 	";505;4470;23482
23; C¢rdoba ;23678;"San JosÇ de UrÇ 	";516;5229;8883
23; C¢rdoba ;23682;"San Pelayo 	";451;8831;45294
23; C¢rdoba ;23686;"Santa Cruz de Lorica 	";1033;54691;63233
23; C¢rdoba ;23807;"Tierralta 	";5025;43740;53487
23; C¢rdoba ;23815;"Tuch°n 	";128;7311;48831
23; C¢rdoba ;23855;"Valencia 	";914;16805;20313
25; Cundinamarca ;25001;"Agua de Dios 	";84;10950;2642
25; Cundinamarca ;25019;"Alb†n 	";57;2535;5052
25; Cundinamarca ;25035;"Anapoima 	";124;8345;9372
25; Cundinamarca ;25040;"Anolaima 	";119;5919;10158
25; Cundinamarca ;25599;"Apulo 	";127;4691;4956
25; Cundinamarca ;25053;"ArbelaÇz 	";152;5836;6251
25; Cundinamarca ;25086;"Beltr†n 	";211;1982;97
25; Cundinamarca ;25095;"Bituima 	";61;2823;9
25; Cundinamarca ;25099;"Bojac† 	";109;10148;2088
25; Cundinamarca ;25120;"Cabrera 	";449;1681;3902
25; Cundinamarca ;25123;"Cachipay 	";56;4880;6924
25; Cundinamarca ;25126;"Cajic† 	";51;73468;29086
25; Cundinamarca ;25148;"Caparrap° 	";616;4555;9772
25; Cundinamarca ;25151;"C†queza 	";120;10122;9682
25; Cundinamarca ;25154;"Carmen de Carupa 	";228;3179;5578
25; Cundinamarca ;25168;"Chaguan° 	";142;1446;3367
25; Cundinamarca ;25175;"Ch°a 	";76;139554;25441
25; Cundinamarca ;25178;"Chipaque 	";139;3949;7144
25; Cundinamarca ;25181;"Choach° 	";223;5712;7002
25; Cundinamarca ;25183;"Chocont† 	";301;14503;10068
25; Cundinamarca ;25200;"Cogua 	";113;11328;15620
25; Cundinamarca ;25214;"Cota 	";106;28136;12671
25; Cundinamarca ;25224;"Cucunub† 	";112;2052;7055
25; Cundinamarca ;25245;"El Colegio 	";117;14189;14681
25; Cundinamarca ;25258;"El Pe§¢n 	";132;1093;4189
25; Cundinamarca ;25260;"El Rosal 	";86;25023;2299
25; Cundinamarca ;25269;"Facatativ† 	";158;161088;10976
25; Cundinamarca ;25279;"F¢meque 	";556;7171;6950
25; Cundinamarca ;25281;"Fosca 	";126;2084;4575
25; Cundinamarca ;25286;"Funza 	";70;114094;1829
25; Cundinamarca ;25288;"F£quene 	";90;5678;69
25; Cundinamarca ;25290;"Fusagasug† 	";239;148375;21664
25; Cundinamarca ;25293;"Gachal† 	";448;1993;2865
25; Cundinamarca ;25295;"Gachancip† 	";44;15527;5847
25; Cundinamarca ;25297;"Gachet† 	";262;4468;4950
25; Cundinamarca ;25299;"Gama 	";123;1107;2438
25; Cundinamarca ;25307;"Girardot 	";129;117166;3924
25; Cundinamarca ;25312;"Granada 	";61;2913;5834
25; Cundinamarca ;25317;"Guachet† 	";177;7927;7779
25; Cundinamarca ;25320;"Guaduas 	";757;19153;17477
25; Cundinamarca ;25322;"Guasca 	";346;8824;9853
25; Cundinamarca ;25324;"Guataqu° 	";87;1553;1504
25; Cundinamarca ;25326;"Guatavita 	";247;3172;4340
25; Cundinamarca ;25328;"Guayabal de S°quima 	";63;1585;3646
25; Cundinamarca ;25335;"Guayabetal 	";142;2869;4569
25; Cundinamarca ;25339;"GutiÇrrez 	";527;1421;2513
25; Cundinamarca ;25368;"JerusalÇn 	";236;1071;1482
25; Cundinamarca ;25372;"Jun°n 	";337;1501;5198
25; Cundinamarca ;25377;"La Calera 	";485;18958;17346
25; Cundinamarca ;25386;"La Mesa 	";148;23238;16609
25; Cundinamarca ;25394;"La Palma 	";191;5353;5467
25; Cundinamarca ;25398;"La Pe§a 	";136;1684;5038
25; Cundinamarca ;25402;"La Vega 	";153;9002;11558
25; Cundinamarca ;25407;"Lenguazaque 	";160;4165;7740
25; Cundinamarca ;25426;"Machet† 	";225;2389;4535
25; Cundinamarca ;25430;"Madrid 	";120;133889;6360
25; Cundinamarca ;25436;"Manta 	";105;1471;2823
25; Cundinamarca ;25438;"Medina 	";1915;5486;3570
25; Cundinamarca ;25473;"Mosquera 	";107;164239;1964
25; Cundinamarca ;25483;"Nari§o 	";54;2023;695
25; Cundinamarca ;25486;"Nemoc¢n 	";194;8652;7375
25; Cundinamarca ;25488;"Nilo 	";224;4504;8764
25; Cundinamarca ;25489;"Nimaima 	";59;1163;2987
25; Cundinamarca ;25491;"Nocaima 	";69;2745;4492
25; Cundinamarca ;25513;"Pacho 	";403;16699;11759
25; Cundinamarca ;25518;"Paime 	";171;4631;88
25; Cundinamarca ;25524;"Pandi 	";67;1726;4157
25; Cundinamarca ;25530;"Paratebueno 	";883;4939;5228
25; Cundinamarca ;25535;"Pasca 	";264;4008;6609
25; Cundinamarca ;25572;"Puerto Salgar 	";521;14037;4350
25; Cundinamarca ;25580;"Pul° 	";223;1076;2716
25; Cundinamarca ;25592;"Quebradanegra 	";83;5339;95
25; Cundinamarca ;25594;"Quetame 	";138;2019;3843
25; Cundinamarca ;25596;"Quipile 	";128;1318;5891
25; Cundinamarca ;25612;"Ricaurte 	";130;9598;6251
25; Cundinamarca ;25645;"San Antonio del Tequendama 	";82;2264;11885
25; Cundinamarca ;25649;"San Bernardo 	";249;4753;5156
25; Cundinamarca ;25653;"San Cayetano 	";303;1181;4309
25; Cundinamarca ;25658;"San Francisco 	";118;6138;6925
25; Cundinamarca ;25662;"San Juan de Rioseco 	";323;4025;5391
25; Cundinamarca ;25718;"Sasaima 	";111;3976;8731
25; Cundinamarca ;25736;"SesquilÇ 	";141;5229;8717
25; Cundinamarca ;25740;"SibatÇ 	";126;30207;10223
25; Cundinamarca ;25743;"Silvania 	";163;10164;15742
25; Cundinamarca ;25745;"Simijaca 	";107;10019;5490
25; Cundinamarca ;25754;"Soacha 	";184;826713;4546
25; Cundinamarca ;25758;"Sop¢ 	";111;23875;8115
25; Cundinamarca ;25769;"Subachoque 	";212;10151;8315
25; Cundinamarca ;25772;"Suesca 	";177;10617;10053
25; Cundinamarca ;25777;"Supat† 	";128;2325;3788
25; Cundinamarca ;25779;"Susa 	";86;3229;4565
25; Cundinamarca ;25781;"Sutatausa 	";67;2817;4287
25; Cundinamarca ;25785;"Tabio 	";74;9734;16968
25; Cundinamarca ;25793;"Tausa 	";204;2436;7109
25; Cundinamarca ;25797;"Tena 	";55;1705;9910
25; Cundinamarca ;25799;"Tenjo 	";108;12710;13866
25; Cundinamarca ;25805;"Tibacuy 	";84;1032;4084
25; Cundinamarca ;25807;"Tibirita 	";57;3563;60
25; Cundinamarca ;25815;"Tocaima 	";246;12175;6145
25; Cundinamarca ;25817;"Tocancip† 	";73;23002;27426
25; Cundinamarca ;25823;"Topaip° 	";150;1174;3551
25; Cundinamarca ;25839;"Ubal† 	";505;2264;6327
25; Cundinamarca ;25841;"Ubaque 	";105;1897;5897
25; Cundinamarca ;25845;"UbatÇ 	";102;40982;10756
25; Cundinamarca ;25851;"Une 	";211;4777;3353
25; Cundinamarca ;25506;"Ètica 	";92;3003;1887
25; Cundinamarca ;25862;"Venecia 	";121;1741;3166
25; Cundinamarca ;25867;"Vergara 	";146;1994;5911
25; Cundinamarca ;25843;"Vian° 	";68;2071;3076
25; Cundinamarca ;25871;"Villag¢mez 	";65;1934;80
25; Cundinamarca ;25873;"Villapinz¢n 	";249;8985;11345
25; Cundinamarca ;25875;"Villeta 	";141;23132;8993
25; Cundinamarca ;25878;"Viot† 	";208;6033;9273
25; Cundinamarca ;25885;"Yacop° 	";1095;4373;9484
25; Cundinamarca ;25898;"Zipac¢n 	";70;1877;3662
25; Cundinamarca ;25899;"Zipaquir† 	";197;136881;24564
27; Choc¢ ;27006;"Acand° 	";1551;6490;8003
27; Choc¢ ;27025;"Alto Baud¢ 	";1532;3092;25874
27; Choc¢ ;27073;"Bagad¢ 	";777;2340;9190
27; Choc¢ ;27075;"Bah°a Solano 	";1667;6261;4260
27; Choc¢ ;27493;"Bajo Baud¢ 	";4840;11549;14755
27;Choc¢;27077;"BelÇn de Bajir† 	";1635;6545;24645
27; Choc¢ ;27099;"Bojay† 	";3693;12431;188
27; Choc¢ ;27135;"Cant¢n de San Pablo 	";386;2901;3534
27; Choc¢ ;27160;"CÇrtegui 	";342;3356;2541
27; Choc¢ ;27205;"Condoto 	";890;9789;2869
27; Choc¢ ;27050;"El Atrato 	";725;2924;3432
27; Choc¢ ;27245;"El Carmen de Atrato 	";1017;2437;5969
27; Choc¢ ;27250;"El Carmen del DariÇn 	";4700;2005;17968
27; Choc¢ ;27250;"El Litoral de San Juan 	";3755;22744;8788
27; Choc¢ ;27361;"Istmina 	";2480;2429;4575
27; Choc¢ ;27372;"Jurad¢ 	";992;1445;21989
27; Choc¢ ;27413;"Llor¢ 	";905;3323;6824
27; Choc¢ ;27425;"Medio Atrato 	";562;11070;120
27; Choc¢ ;27430;"Medio Baud¢ 	";4840;2090;13966
27; Choc¢ ;27450;"Medio San Juan 	";620;2579;8504
27; Choc¢ ;27491;"N¢vita 	";1327;3771;5549
27; Choc¢ ;27495;"Nuqu° 	";956;1253;15785
27; Choc¢ ;27001;"Quibd¢ 	";3337;114586;19320
27; Choc¢ ;27580;"R°o Ir¢ 	";520;1521;4204
27; Choc¢ ;27600;"R°o Quito 	";700;2241;6408
27; Choc¢ ;27615;"Riosucio 	";9318;14595;41950
27; Choc¢ ;27660;"San JosÇ del Palmar 	";947;1161;3917
27; Choc¢ ;27745;"Sip° 	";196;3206;90
27; Choc¢ ;27787;"Tad¢ 	";878;10807;7528
27; Choc¢ ;27800;"Ungu°a 	";1190;3929;9195
27; Choc¢ ;27810;"Uni¢n Panamericana 	";1600;2977;4171
41; Huila ;41006;"Acevedo 	";612;4606;21303
41; Huila ;41013;"Agrado 	";222;5846;3305
41; Huila ;41016;"Aipe 	";802;11021;5924
41; Huila ;41020;"Algeciras 	";570;11079;12036
41; Huila ;41026;"Altamira 	";188;2462;2010
41; Huila ;41078;"Baraya 	";750;3939;4528
41; Huila ;41132;"Campoalegre 	";661;24288;7820
41; Huila ;41206;"Colombia 	";1698;2046;5187
41; Huila ;41244;"El Pital 	";203;4967;9293
41; Huila ;41298;"El°as 	";82;1449;2955
41; Huila ;41306;"Garz¢n 	";580;40046;35880
41; Huila ;41319;"Gigante 	";626;9956;15362
41; Huila ;41349;"Guadalupe 	";254;5480;13264
41; Huila ;41357;"Hobo 	";217;5781;1783
41; Huila ;41359;"÷quira 	";532;2623;6946
41; Huila ;41378;"Isnos 	";697;6243;20097
41; Huila ;41396;"La Argentina 	";626;4980;8500
41; Huila ;41483;"La Plata 	";1271;26348;37538
41; Huila ;41001;"N†taga 	";133;2701;4029
41; Huila ;41503;"Neiva 	";1553;348346;24783
41; Huila ;41518;"Oporapa 	";188;2325;9883
41; Huila ;41524;"Paicol 	";298;2839;4045
41; Huila ;41530;"Palermo 	";923;12851;14679
41; Huila ;41548;"Palestina 	";220;1708;9962
41; Huila ;41551;"Pitalito 	";591;76558;55177
41; Huila ;41615;"Rivera 	";435;12117;13621
41; Huila ;41660;"Saladoblanco 	";290;1816;9004
41; Huila ;41668;"San Agust°n 	";1310;11311;23230
41; Huila ;41676;"Santa Mar°a 	";314;2485;8227
41; Huila ;41770;"Suaza 	";336;4470;18808
41; Huila ;41791;"Tarqui 	";308;5556;12597
41; Huila ;41799;"Tello 	";558;5290;6792
41; Huila ;41801;"Teruel 	";499;4350;3938
41; Huila ;41797;"Tesalia 	";373;5469;5718
41; Huila ;41807;"Timan† 	";182;7817;14781
41; Huila ;41872;"Villavieja 	";670;2386;5027
41; Huila ;41885;"Yaguar† 	";329;6647;1364
44; La Guajira ;44035;"Albania 	";425;20098;13848
44; La Guajira ;44078;"Barrancas 	";742;19838;20500
44; La Guajira ;44090;"Dibulla 	";1633;6847;37404
44; La Guajira ;44098;"Distracci¢n 	";232;7458;7529
44; La Guajira ;44110;"El Molino 	";190;7849;439
44; La Guajira ;44279;"Fonseca 	";662;41821;5034
44; La Guajira ;44378;"Hatonuevo 	";249;14912;8269
44; La Guajira ;44420;"La Jagua del Pilar 	";267;2680;1353
44; La Guajira ;44430;"Maicao 	";1782;126426;68249
44; La Guajira ;44560;"Manaure 	";1971;13570;84729
44; La Guajira ;44001;"Riohacha 	";3120;156014;56300
44; La Guajira ;44650;"San Juan del Cesar 	";1215;37199;14958
44; La Guajira ;44847;"Uribia 	";8200;13200;186787
44; La Guajira ;44855;"Urumita 	";329;10695;1150
44; La Guajira ;44874;"Villanueva 	";265;29223;1530
47; Magdalena ;47030;"Algarrobo 	";403;10976;6394
47; Magdalena ;47053;"Aracataca 	";1775;25045;17885
47; Magdalena ;47058;"Ariguan° 	";1132;20416;12480
47; Magdalena ;47161;"Cerro de San Antonio 	";184;5484;4801
47; Magdalena ;47170;"Chibolo 	";528;14800;9403
47; Magdalena ;47189;"CiÇnaga 	";1812;113605;15042
47; Magdalena ;47205;"Concordia 	";110;4328;7290
47; Magdalena ;47245;"El Banco 	";820;42998;29133
47; Magdalena ;47258;"El Pi§¢n 	";581;7575;17347
47; Magdalena ;47268;"El RetÇn 	";274;16884;4902
47; Magdalena ;47288;"Fundaci¢n 	";931;61505;11429
47; Magdalena ;47318;"Guamal 	";554;8327;20558
47; Magdalena ;47460;"Nuava Granada 	";1120;8520;13384
47; Magdalena ;47541;"Pedraza 	";1698;2935;6677
47; Magdalena ;47545;"Piji§o del Carmen 	";526;6000;7358
47; Magdalena ;47551;"Pivijay 	";1636;22908;17415
47; Magdalena ;47555;"Plato 	";1504;50172;16063
47; Magdalena ;47570;"Pueblo Viejo 	";691;10051;23259
47; Magdalena ;47605;"Remolino 	";611;7843;4499
47; Magdalena ;47660;"Sabanas de San µngel 	";1195;4616;12691
47; Magdalena ;47675;"Salamina 	";175;7641;4045
47; Magdalena ;47692;"San Sebasti†n de Buenavista 	";413;6084;15329
47; Magdalena ;47703;"San Zen¢n 	";238;1181;11692
47; Magdalena ;47707;"Santa Ana 	";1120;14761;12218
47; Magdalena ;47720;"Santa B†rbara de Pinto 	";497;7096;4593
47; Magdalena ;47001;"Santa Marta 	";2448;498880;58508
47; Magdalena ;47745;"Sitionuevo 	";491;15040;15135
47; Magdalena ;47798;"Tenerife 	";481;6573;7398
47; Magdalena ;47960;"Zapay†n 	";353;3987;6996
47; Magdalena ;47980;"Zona Bananera 	";446;2291;74219
50; Meta ;50006;"Acac°as 	";1119;71158;22859
50; Meta ;50110;"Barranca de Up°a 	";315;4800;1933
50; Meta ;50124;"Cabuyaro 	";884;3138;3200
50; Meta ;50150;"Castilla La Nueva 	";503;6560;9725
50; Meta ;50223;"Cubarral 	";1308;4753;2482
50; Meta ;50226;"Cumaral 	";580;15515;8228
50; Meta ;50245;"El Calvario 	";200;1605;86
50; Meta ;50251;"El Castillo 	";693;2859;4724
50; Meta ;50270;"El Dorado 	";115;1449;2616
50; Meta ;50287;"Fuente de Oro 	";628;7221;5460
50; Meta ;50313;"Granada 	";350;60512;11747
50; Meta ;50318;"Guamal 	";785;9948;4859
50; Meta ;50350;"La Macarena 	";11229;4701;24020
50; Meta ;50370;"La Uribe 	";6037;19581;7544
50; Meta ;50400;"Lejan°as 	";852;2149;7557
50; Meta ;50325;"Mapirip†n 	";11400;4755;6671
50; Meta ;50330;"Mesetas 	";1980;2502;4823
50; Meta ;50450;"Puerto Concordia 	";1298;4453;6223
50; Meta ;50568;"Puerto Gait†n 	";17499;3519;5252
50; Meta ;50577;"Puerto Lleras 	";2410;22028;22616
50; Meta ;50573;"Puerto L¢pez 	";6740;4055;6544
50; Meta ;50590;"Puerto Rico 	";3431;18806;12222
50; Meta ;50606;"Restrepo 	";434;6654;6524
50; Meta ;50680;"San Carlos de Guaroa 	";811;12662;6437
50; Meta ;50683;"San Juan de Arama 	";1163;6682;6500
50; Meta ;50686;"San Juanito 	";162;4503;4571
50; Meta ;50689;"San Mart°n 	";5959;-504;576
50;Meta;50001;"Villavicencio 	";1313;513589;44710
50; Meta ;50711;"Vista Hermosa 	";4084;7537;9650
52; Nari§o ;52022;"Aldana 	";65;2100;6521
52; Nari§o ;52036;"Ancuya 	";73;1163;7274
52; Nari§o ;52051;"Arboleda 	";63;12393;44260
52; Nari§o ;52079;"Barbacoas 	";1877;3256;3058
52; Nari§o ;52083;"BelÇn 	";48;6629;17335
52; Nari§o ;52110;"Buesaco 	";682;4439;10895
52; Nari§o ;52240;"ChachagÅ° 	";148;1104;7229
52; Nari§o ;52203;"Col¢n 	";82;2159;11607
52; Nari§o ;52207;"Consac† 	";132;1317;5934
52; Nari§o ;52210;"Contadero 	";45;3095;12414
52; Nari§o ;52215;"C¢rdoba 	";282;2724;6495
52; Nari§o ;52224;"Cuaspud 	";48;6870;30246
52; Nari§o ;52227;"Cumbal 	";677;1638;4142
52; Nari§o ;52233;"Cumbitara 	";365;7395;15206
52; Nari§o ;52250;"El Charco 	";1285;1376;6083
52; Nari§o ;52254;"El Pe§ol 	";121;1793;10294
52; Nari§o ;52256;"El Rosario 	";566;1588;12702
52; Nari§o ;52258;"El Tabl¢n 	";255;5188;8649
52; Nari§o ;52260;"El Tambo 	";282;5486;8701
52; Nari§o ;52520;"Francisco Pizarro 	";956;3093;4057
52; Nari§o ;52287;"Funes 	";407;2994;16385
52; Nari§o ;52317;"Guachucal 	";159;4340;7008
52; Nari§o ;52320;"Guaitarilla 	";131;2995;4059
52; Nari§o ;52323;"Gualmat†n 	";35;2138;5510
52; Nari§o ;52352;"Iles 	";82;1017;6444
52; Nari§o ;52354;"ImuÇs 	";86;77245;38829
52; Nari§o ;52356;"Ipiales 	";1707;8023;10658
52; Nari§o ;52378;"La Cruz 	";237;1997;7934
52; Nari§o ;52381;"La Florida 	";143;3159;3324
52; Nari§o ;52385;"La Llanada 	";265;2919;4558
52; Nari§o ;52390;"La Tola 	";459;12740;19076
52; Nari§o ;52399;"La Uni¢n 	";147;3005;6586
52; Nari§o ;52405;"Leiva 	";316;2204;7829
52; Nari§o ;52411;"Linares 	";115;4378;4909
52; Nari§o ;52418;"Los Andes 	";907;7611;17990
52; Nari§o ;52427;"MagÅ° 	";1745;1242;7722
52; Nari§o ;52435;"Mallama 	";531;5857;6753
52; Nari§o ;52473;"Mosquera 	";678;2647;1708
52; Nari§o ;52480;"Nari§o 	";50;10869;14393
52; Nari§o ;52490;"Olaya Herrera 	";990;1970;5037
52; Nari§o ;52506;"Ospina 	";66;306171;87305
52; Nari§o ;52001;"Pasto 	";1131;2620;7179
52; Nari§o ;52540;"Policarpa 	";467;2106;7973
52; Nari§o ;52560;"Potos° 	";288;1504;4060
52; Nari§o ;52565;"Providencia 	";44;3454;4928
52; Nari§o ;52573;"Puerres 	";359;6200;11054
52; Nari§o ;52585;"Pupiales 	";135;2422;17680
52; Nari§o ;52612;"Ricaurte 	";1211;3405;9318
52; Nari§o ;52621;"Roberto Pay†n 	";1342;9476;18323
52; Nari§o ;52678;"Samaniego 	";765;2602;6588
52; Nari§o ;52685;"San Bernardo 	";70;2210;16227
52; Nari§o ;52019;"San JosÇ de Alb†n 	";83;1563;5813
52; Nari§o ;52687;"San Lorenzo 	";267;3954;10869
52; Nari§o ;52693;"San Pablo 	";108;6832;2
52; Nari§o ;52694;"San Pedro de Cartago 	";60;10110;9701
52; Nari§o ;52683;"Sandon† 	";101;3566;9703
52; Nari§o ;52696;"Santa B†rbara 	";1232;1541;9558
52; Nari§o ;52699;"Santacruz 	";555;1406;5841
52; Nari§o ;52720;"Sapuyes 	";133;4014;13904
52; Nari§o ;52786;"Taminango 	";245;2774;10574
52; Nari§o ;52788;"Tangua 	";239;87047;170584
52; Nari§o ;52835;"Tumaco 	";3778;2697;6642
52; Nari§o ;52838;"T£querres 	";227;17289;27378
52; Nari§o ;52885;"Yacuanquer 	";115;3342;7638
54; Norte de Santander ;54003;"µbrego 	";1582;18273;16459
54; Norte de Santander ;54051;"Arboledas 	";454;2522;7771
54; Norte de Santander ;54099;"Bochalema 	";172;3430;5626
54; Norte de Santander ;54109;"Bucarasica 	";267;6754;16
54; Norte de Santander ;54128;"C†chira 	";605;2069;9393
54; Norte de Santander ;54125;"C†cota 	";139;1044;1939
54; Norte de Santander ;54172;"Chin†cota 	";166;12536;6771
54; Norte de Santander ;54174;"Chitag† 	";1172;4917;7770
54; Norte de Santander ;54206;"Convenci¢n 	";829;8216;11895
54; Norte de Santander ;54001;"C£cuta 	";1176;767000;28608
54; Norte de Santander ;54223;"Cucutilla 	";372;1725;6950
54; Norte de Santander ;54239;"Durania 	";177;2448;2478
54; Norte de Santander ;54245;"El Carmen 	";1723;2532;11842
54; Norte de Santander ;54250;"El Tarra 	";471;9921;12527
54; Norte de Santander ;54261;"El Zulia 	";449;18578;11514
54; Norte de Santander ;54313;"Gramalote 	";147;2740;5136
54; Norte de Santander ;54344;"Hacar° 	";410;1643;9210
54; Norte de Santander ;54347;"Herr†n 	";112;1429;6070
54; Norte de Santander ;54385;"La Esperanza 	";695;2040;10628
54; Norte de Santander ;54398;"La Playa de BelÇn 	";241;1033;7159
54; Norte de Santander ;54377;"Labateca 	";253;1839;4890
54; Norte de Santander ;54405;"Los Patios 	";133;97146;2389
54; Norte de Santander ;54418;"Lourdes 	";87;2075;2215
54; Norte de Santander ;54480;"Mutiscua 	";159;4633;5
54; Norte de Santander ;54498;"Oca§a 	";460;119222;13165
54; Norte de Santander ;54518;"Pamplona 	";318;51292;3890
54; Norte de Santander ;54520;"Pamplonita 	";176;1300;4630
54; Norte de Santander ;54553;"Puerto Santander 	";42;8890;593
54; Norte de Santander ;54599;"Ragonvalia 	";95;3203;3286
54; Norte de Santander ;54660;"Salazar de Las Palmas 	";493;4309;6672
54; Norte de Santander ;54670;"San Calixto 	";387;2418;10043
54; Norte de Santander ;54673;"San Cayetano 	";144;2654;5321
54; Norte de Santander ;54680;"Santiago 	";173;2003;1751
54; Norte de Santander ;54720;"Santo Domingo de Silos 	";381;1036;5665
54; Norte de Santander ;54743;"Sardinata 	";1451;10809;16628
54; Norte de Santander ;54800;"Teorama 	";852;3088;15003
54; Norte de Santander ;54810;"Tib£ 	";2737;22632;37487
54; Norte de Santander ;54820;"Toledo 	";1578;5974;10736
54; Norte de Santander ;54871;"Villa Caro 	";402;2478;2950
54; Norte de Santander ;54874;"Villa del Rosario 	";228;110618;3285
63; Quind°o ;63001;"Armenia 	";250;309020;7906
63; Quind°o ;63111;"Buenavista 	";41;1301;1952
63; Quind°o ;63130;"Calarc† 	";219;60996;16882
63; Quind°o ;63190;"Circasia 	";91;22914;7306
63; Quind°o ;63212;"C¢rdoba 	";98;3632;2335
63; Quind°o ;63272;"Filandia 	";109;7245;5501
63; Quind°o ;63302;"GÇnova 	";297;4482;3261
63; Quind°o ;63401;"La Tebaida 	";89;32837;3355
63; Quind°o ;63470;"Montenegro 	";198;32340;6667
63; Quind°o ;63548;"Pijao 	";243;3086;2238
63; Quind°o ;63594;"Quimbaya 	";126;26587;5791
63; Quind°o ;63690;"Salento 	";377;4251;5658
66; Risaralda ;66045;"Ap°a 	";214;5961;6602
66; Risaralda ;66075;"Balboa 	";119;1761;4712
66; Risaralda ;66088;"BelÇn de Umbr°a 	";178;13678;11721
66; Risaralda ;66170;"Dosquebradas 	";70;219999;10087
66; Risaralda ;66318;"Gu†tica 	";97;4164;8285
66; Risaralda ;66383;"La Celia 	";87;3191;4443
66; Risaralda ;66400;"La Virginia 	";33;28143;620
66; Risaralda ;66440;"Marsella 	";57;9415;7768
66; Risaralda ;66456;"Mistrat¢ 	";483;4681;13059
66; Risaralda ;66001;"Pereira 	";702;414043;76421
66; Risaralda ;66572;"Pueblo Rico 	";1020;3500;13410
66; Risaralda ;66594;"Quinch°a 	";150;8450;19587
66; Risaralda ;66682;"Santa Rosa de Cabal 	";486;69025;12583
66; Risaralda ;66687;"Santuario 	";226;6850;5932
68; Santander ;68013;"Aguada 	";75;1901;15
68; Santander ;68020;"Albania 	";167;4402;48
68; Santander ;68051;"Aratoca 	";170;2828;5880
68; Santander ;68077;"Barbosa 	";46;25572;7938
68; Santander ;68079;"Barichara 	";134;3622;7475
68; Santander ;68081;"Barrancabermeja 	";1154;189638;26581
68; Santander ;68092;"Betulia 	";324;1587;4632
68; Santander ;68101;"Bol°var 	";957;1960;9306
68; Santander ;68001;"Bucaramanga 	";162;613428;9950
68; Santander ;68121;"Cabrera 	";68;1995;79
68; Santander ;68132;"California 	";261;1071;1220
68; Santander ;68147;"Capitanejo 	";81;3706;1916
68; Santander ;68152;"Carcas° 	";426;4367;3
68; Santander ;68160;"Cepit† 	";139;2026;52
68; Santander ;68162;"Cerrito 	";549;3751;3363
68; Santander ;68167;"Charal† 	";411;7831;4761
68; Santander ;68169;"Charta 	";152;2951;12
68; Santander ;68176;"Chima 	";152;2855;86
68; Santander ;68179;"Chipat† 	";94;5149;77
68; Santander ;68190;"Cimitarra 	";3164;16481;18826
68; Santander ;68207;"Concepci¢n 	";686;3052;2855
68; Santander ;68209;"Confines 	";88;3360;20
68; Santander ;68211;"Contrataci¢n 	";120;2950;845
68; Santander ;68217;"Coromoro 	";247;5058;97
68; Santander ;68229;"Curit° 	";238;5315;8317
68; Santander ;68235;"El Carmen de Chucur° 	";914;4035;18354
68; Santander ;68245;"El Guacamayo 	";100;2091;48
68; Santander ;68250;"El Pe§¢n 	";130;5570;80
68; Santander ;68255;"El Play¢n 	";467;7886;6518
68; Santander ;68755;"El Socorro 	";122;28713;5798
68; Santander ;68264;"Encino 	";417;2561;89
68; Santander ;68266;"Enciso 	";72;1027;2508
68; Santander ;68271;"Flori†n 	";170;1500;4235
68; Santander ;68276;"Floridablanca 	";97;303879;12102
68; Santander ;68296;"Gal†n 	";205;2946;20
68; Santander ;68298;"G†mbita 	";606;4039;79
68; Santander ;68318;"Guaca 	";382;1809;4254
68; Santander ;68320;"Guadalupe 	";382;1871;2713
68; Santander ;68322;"Guapot† 	";66;2387;89
68; Santander ;68324;"Guavat† 	";56;1211;3089
68; Santander ;68327;"GÅepsa 	";33;3414;2033
68; Santander ;68344;"Hato 	";180;2383;49
68; Santander ;68368;"Jes£s Mar°a 	";72;3357;69
68; Santander ;68370;"Jord†n 	";33;1362;9
68; Santander ;68377;"La Belleza 	";219;2020;4319
68; Santander ;68397;"La Paz 	";270;4962;83
68; Santander ;68385;"Land†zuri 	";630;3772;7092
68; Santander ;68406;"Lebrija 	";549;26166;19163
68; Santander ;68418;"Los Santos 	";242;2328;12847
68; Santander ;68425;"Macaravita 	";110;2073;86
68; Santander ;68432;"M†laga 	";58;19377;2860
68; Santander ;68444;"Matanza 	";243;1641;3525
68; Santander ;68464;"Mogotes 	";487;4659;6265
68; Santander ;68468;"Molagavita 	";197;4194;19
68; Santander ;68498;"Ocamonte 	";84;1082;4879
68; Santander ;68500;"Oiba 	";287;5447;6019
68; Santander ;68502;"Onzaga 	";486;1412;2776
68; Santander ;68522;"Palmar 	";21;-856;900
68; Santander ;68524;"Palmas del Socorro 	";57;2619;75
68; Santander ;68533;"P†ramo 	";81;1537;3460
68; Santander ;68547;"Piedecuesta 	";344;155796;31967
68; Santander ;68549;"Pinchote 	";53;1368;4157
68; Santander ;68572;"Puente Nacional 	";248;6180;9051
68; Santander ;68573;"Puerto Parra 	";761;3084;5144
68; Santander ;68575;"Puerto Wilches 	";1539;18241;16856
68; Santander ;68615;"Rionegro 	";1277;7647;20120
68; Santander ;68655;"Sabana de Torres 	";1428;24851;10612
68; Santander ;68669;"San AndrÇs 	";278;3493;5327
68; Santander ;68673;"San Benito 	";67;3013;36
68; Santander ;68679;"San Gil 	";149;53563;7674
68; Santander ;68682;"San Joaqu°n 	";192;2218;48
68; Santander ;68684;"San JosÇ de Miranda 	";85;1069;3332
68; Santander ;68307;"San Juan de Gir¢n 	";475;157403;19015
68; Santander ;68686;"San Miguel 	";71;2452;91
68; Santander ;68689;"San Vicente de Chucur° 	";1195;13888;20580
68; Santander ;68705;"Santa B†rbara 	";224;2478;34
68; Santander ;68720;"Santa Helena del Op¢n 	";387;3441;59
68; Santander ;68745;"Simacota 	";1413;2699;7793
68; Santander ;68770;"Suaita 	";280;2589;7834
68; Santander ;68773;"Sucre 	";606;7237;11
68; Santander ;68780;"Surat† 	";348;1086;3005
68; Santander ;68820;"Tona 	";342;7883;38
68; Santander ;68855;"Valle de San JosÇ 	";99;2767;3734
68; Santander ;68861;"VÇlez 	";271;14734;11142
68; Santander ;68867;"Vetas 	";93;2201;23
68; Santander ;68872;"Villanueva 	";99;5078;3112
68; Santander ;68895;"Zapatoca 	";360;6642;3173
70; Sucre ;70110;"Buenavista 	";144;8892;2448
70; Sucre ;70124;"Caimito 	";407;3804;12773
70; Sucre ;70230;"Chal†n 	";76;2977;1784
70; Sucre ;70204;"Colos¢ 	";141;3799;5231
70; Sucre ;70215;"Corozal 	";203;54868;18414
70; Sucre ;70221;"Cove§as 	";74;11819;8366
70; Sucre ;70233;"El Roble 	";206;4520;6277
70; Sucre ;70235;"Galeras 	";321;12643;11392
70; Sucre ;70265;"Guaranda 	";370;7404;11835
70; Sucre ;70400;"La Uni¢n 	";234;6233;7206
70; Sucre ;70418;"Los Palmitos 	";125;11585;13113
70; Sucre ;70429;"Majagual 	";826;10545;29066
70; Sucre ;70473;"Morroa 	";161;9660;6742
70; Sucre ;70508;"Ovejas 	";447;11776;12459
70; Sucre ;70670;"SampuÇs 	";209;24752;25741
70; Sucre ;70523;"San Antonio de Palmito 	";176;5053;10519
70; Sucre ;70678;"San Benito Abad 	";1592;5815;24974
70; Sucre ;70702;"San Juan de Betulia 	";199;7182;7493
70; Sucre ;70708;"San Marcos 	";534;33832;28810
70; Sucre ;70713;"San Onofre 	";1102;19613;33238
70; Sucre ;70717;"San Pedro 	";222;12671;7194
70; Sucre ;70820;"Santiago de Tol£ 	";301;28204;7076
70; Sucre ;70742;"SincÇ 	";410;23715;9275
70; Sucre ;70001;"Sincelejo 	";284;267468;36558
70; Sucre ;70771;"Sucre 	";1110;6956;24908
70; Sucre ;70823;"Tol£ Viejo 	";276;6616;16433
73; Tolima ;73024;"Alpujarra 	";473;2063;2428
73; Tolima ;73026;"Alvarado 	";311;3420;5359
73; Tolima ;73030;"Ambalema 	";239;5260;1350
73; Tolima ;73043;"Anzo†tegui 	";541;1596;8484
73; Tolima ;73055;"Armero 	";385;7709;4418
73; Tolima ;73067;"Ataco 	";1122;5126;14132
73; Tolima ;73124;"Cajamarca 	";800;9714;8864
73; Tolima ;73148;"Carmen de Apical† 	";183;7975;2552
73; Tolima ;73152;"Casabianca 	";264;1753;4591
73; Tolima ;73168;"Chaparral 	";2124;29585;21540
73; Tolima ;73200;"Coello 	";350;1644;6739
73; Tolima ;73217;"Coyaima 	";664;4246;18410
73; Tolima ;73226;"Cunday 	";518;2491;5943
73; Tolima ;73236;"Dolores 	";672;3486;4760
73; Tolima ;73268;"Espinal 	";217;51949;19600
73; Tolima ;73270;"Falan 	";238;1881;5560
73; Tolima ;73275;"Flandes 	";95;25029;3803
73; Tolima ;73283;"Fresno 	";208;16247;15175
73; Tolima ;73319;"Guamo 	";561;17066;15948
73; Tolima ;73347;"Herveo 	";342;2280;4986
73; Tolima ;73349;"Honda 	";309;23447;1276
73; Tolima ;73001;"IbaguÇ 	";1439;506505;38705
73; Tolima ;73352;"Icononzo 	";232;3798;8183
73; Tolima ;73408;"LÇrida 	";281;14096;4659
73; Tolima ;73411;"L°bano 	";280;23694;12805
73; Tolima ;73443;"Mariquita 	";379;28658;9966
73; Tolima ;73449;"Melgar 	";215;31067;6901
73; Tolima ;73461;"Murillo 	";364;1817;2357
73; Tolima ;73483;"Natagaima 	";860;8113;6667
73; Tolima ;73504;"Ortega 	";965;7574;27000
73; Tolima ;73520;"Palocabildo 	";65;3206;6683
73; Tolima ;73547;"Piedras 	";361;2408;4404
73; Tolima ;73555;"Planadas 	";1445;7208;18782
73; Tolima ;73563;"Prado 	";448;3880;4597
73; Tolima ;73585;"Purificaci¢n 	";422;13655;10057
73; Tolima ;73616;"Rioblanco 	";1137;4122;18662
73; Tolima ;73622;"Roncesvalles 	";790;1955;3565
73; Tolima ;73624;"Rovira 	";818;10485;11165
73; Tolima ;73671;"Salda§a 	";214;8712;5868
73; Tolima ;73675;"San Antonio 	";407;4445;8218
73; Tolima ;73678;"San Luis 	";425;3973;9577
73; Tolima ;73686;"Santa Isabel 	";415;2223;3492
73; Tolima ;73770;"Su†rez 	";194;1608;2192
73; Tolima ;73854;"Valle de San Juan 	";198;2214;3186
73; Tolima ;73861;"Venadillo 	";352;8851;3966
73; Tolima ;73870;"Villahermosa 	";188;3482;5772
73; Tolima ;73873;"Villarrica 	";460;1971;3026
76; Valle del Cauca ;76020;"Alcal† 	";64;10886;3695
76; Valle del Cauca ;76036;"Andaluc°a 	";316;18184;4858
76; Valle del Cauca ;76041;"Ansermanuevo 	";346;10864;6795
76; Valle del Cauca ;76054;"Argelia 	";87;2921;2359
76; Valle del Cauca ;76100;"Bol°var 	";602;4895;11130
76; Valle del Cauca ;76109;"Buenaventura 	";6028;245665;72338
76; Valle del Cauca ;76111;"Buga 	";832;112528;18971
76; Valle del Cauca ;76113;"Bugalagrande 	";374;13268;11682
76; Valle del Cauca ;76122;"Caicedonia 	";170;24230;4856
76; Valle del Cauca ;76001;"Cali 	";562;2250842;46388
76; Valle del Cauca ;76126;Calima el darien;285;12084;6544
76; Valle del Cauca ;76130;"Candelaria 	";279;26633;69463
76; Valle del Cauca ;76147;"Cartago 	";886;135426;4596
76; Valle del Cauca ;76233;"Dagua 	";1154;12433;37553
76; Valle del Cauca ;76243;"El µguila 	";199;2603;6129
76; Valle del Cauca ;76246;"El Cairo 	";283;3291;3344
76; Valle del Cauca ;76248;"El Cerrito 	";466;37533;20732
76; Valle del Cauca ;76250;"El Dovio 	";383;5621;3166
76; Valle del Cauca ;76275;"Florida 	";253;41761;17348
76; Valle del Cauca ;76306;"Ginebra 	";313;11055;12452
76; Valle del Cauca ;76318;"Guacar° 	";167;21546;12697
76; Valle del Cauca ;76364;"Jamund° 	";655;133885;36607
76; Valle del Cauca ;76377;"La Cumbre 	";235;3428;13408
76; Valle del Cauca ;76400;"La Uni¢n 	";125;28374;6809
76; Valle del Cauca ;76403;"La Victoria 	";276;9270;2832
76; Valle del Cauca ;76497;"Obando 	";213;9387;2894
76; Valle del Cauca ;76520;"Palmira 	";1123;287415;73960
76; Valle del Cauca ;76563;"Pradera 	";407;43078;6041
76; Valle del Cauca ;76606;"Restrepo 	";237;10564;5043
76; Valle del Cauca ;76616;"Riofr°o 	";280;7749;8020
76; Valle del Cauca ;76622;"Roldanillo 	";217;28881;8634
76; Valle del Cauca ;76670;"San Pedro 	";240;8228;9317
76; Valle del Cauca ;76736;"Sevilla 	";639;32261;9707
76; Valle del Cauca ;76823;"Toro 	";166;10309;4365
76; Valle del Cauca ;76828;"Trujillo 	";221;9485;9873
76; Valle del Cauca ;76834;"Tulu† 	";911;182878;40313
76; Valle del Cauca ;76845;"Ulloa 	";42;2620;2868
76; Valle del Cauca ;76863;"Versalles 	";352;4256;2832
76; Valle del Cauca ;76869;"Vijes 	";214;8419;4720
76; Valle del Cauca ;76890;"Yotoco 	";321;8841;7677
76; Valle del Cauca ;76892;"Yumbo 	";228;97447;14825
76; Valle del Cauca ;76895;"Zarzal 	";362;33184;10063
81; Arauca ;81001;"Arauca 	";5841;87065;14392
81; Arauca ;81065;"Arauquita 	";3281;15886;43019
81; Arauca ;81220;"Cravo Norte 	";5301;3043;1298
81; Arauca ;81300;"Fortul 	";1125;11519;9591
81; Arauca ;81591;"Puerto Rond¢n 	";2186;3448;1706
81; Arauca ;81736;"Saravena 	";658;49670;16356
81; Arauca ;81794;"Tame 	";6457;29802;21506
85; Casanare ;85010;"Aguazul 	";1455;28729;10099
85; Casanare ;85015;"Ch†meza 	";316;1644;1047
85; Casanare ;85125;"Hato Corozal 	";5518;5787;6582
85; Casanare ;85136;"La Salina 	";226;-594;692
85; Casanare ;85139;"Man° 	";3860;12127;5712
85; Casanare ;85162;"Monterrey 	";879;13222;5175
85; Casanare ;85225;"Nunch°a 	";1171;2281;6619
85; Casanare ;85230;"OrocuÇ 	";4177;6016;6908
85; Casanare ;85250;"Paz de Ariporo 	";13793;26293;11858
85; Casanare ;85263;"Pore 	";780;7420;4898
85; Casanare ;85279;"Recetor 	";173;1789;46
85; Casanare ;85300;"Sabanalarga 	";421;1870;1776
85; Casanare ;85315;"S†cama 	";537;1123;980
85; Casanare ;85325;"San Luis de Palenque 	";3052;3269;5257
85; Casanare ;85400;"T†mara 	";1181;1767;4941
85; Casanare ;85410;"Tauramena 	";2607;16503;9217
85; Casanare ;85430;"Trinidad 	";2947;7602;6136
85; Casanare ;85440;"Villanueva 	";825;27913;9050
85; Casanare ;85001;"Yopal 	";2771;156674;24874
86; Putumayo ;86219;"Col¢n 	";77;3615;2144
86; Putumayo ;86001;"Mocoa 	";1030;42725;18666
86; Putumayo ;86320;"Orito 	";2026;21980;18367
86; Putumayo ;86568;"Puerto As°s 	";2610;42730;27276
86; Putumayo ;86569;"Puerto Caicedo 	";864;6840;9829
86; Putumayo ;86571;"Puerto Guzm†n 	";4340;5583;32607
86; Putumayo ;86573;"Puerto Legu°zamo 	";11640;14150;16571
86; Putumayo ;86755;"San Francisco 	";480;3484;2313
86; Putumayo ;86757;"San Miguel 	";361;5647;14595
86; Putumayo ;86760;"Santiago 	";445;3645;3965
86; Putumayo ;86749;"Sibundoy 	";64;10670;5446
86; Putumayo ;86865;"Valle del Guamuez 	";873;16709;19392
86; Putumayo ;86885;"Villagarz¢n 	";1250;15368;9725
88; San AndrÇs y Providencia ;88001;"Isla de San AndrÇs 	";34;3632;2822
88; San AndrÇs y Providencia ;88564;"Providencia y Santa Catalina Islas 	";18;43175;16034
91;Amazonas;91263;"El Encanto 	";11251;2100;31
91;Amazonas;91405;"La Chorrera 	";12517;3000;32
91;Amazonas;91407;"La Pedrera 	";13945;4000;51
91;Amazonas;91430;"La Victoria 	";1443;0;679
91;Amazonas;91001;"Leticia 	";5832;38364;14929
91;Amazonas;91460;"Mirit°-Paran† 	";16864;1900;29
91;Amazonas;91530;"Puerto Alegr°a 	";8774;0;791
91;Amazonas;91536;"Puerto Arica 	";13526;1000;70
91;Amazonas;91540;"Puerto Nari§o 	";1475;4347;6624
91;Amazonas;91669;"Puerto Santander 	";14885;1800;18
91;Amazonas;91798;"Tarapac† 	";9153;4000;43
94; Guain°a ;94343;"Barrancominas 	";12914;1010;8137
94; Guain°a ;94886;"Cacahual 	";6457;0;912
94; Guain°a ;94001;"In°rida 	";16165;23948;11551
94; Guain°a ;94885;"La Guadalupe 	";1167;0;299
94; Guain°a ;94888;"Morichal Nuevo 	";8563;0;972
94; Guain°a ;94887;"Pana Pana 	";10097;2000;32
94; Guain°a ;94884;"Puerto Colombia 	";15664;2000;5
94; Guain°a ;94883;"San Felipe 	";3063;1700;61
95; Guaviare ;95015;"Calamar 	";14300;4986;5737
95; Guaviare ;95025;"El Retorno 	";11618;3929;10681
95; Guaviare ;95200;"Miraflores 	";12914;2032;5470
95; Guaviare ;95001;"San JosÇ del Guaviare 	";16654;41412;18034
97; VaupÇs ;97161;"Carur£ 	";6271;1713;1940
97; VaupÇs ;97001;"Mit£ 	";16422;11483;25941
97; VaupÇs ;97511;"Pacoa 	";14108;5100;21
97; VaupÇs ;97777;"Papunaua 	";5937;0;899
97; VaupÇs ;97666;"Taraira 	";6619;1142;1623
97; VaupÇs ;97889;"YavaratÇ 	";3459;1200;71
99; Vichada ;99773;"Cumaribo 	";65193;2950;78701
99; Vichada ;99524;"La Primavera 	";22159;6181;3765
99; Vichada ;99001;"Puerto Carre§o 	";12897;16216;4791
99; Vichada ;99624;"Santa Rosal°a 	";3937;2724;1616
